tag_number,,,,,
FV-33001,,,,,
FV-33002,,,,,
FV-33121,,,,,
FV-33122,,,,,
FV-33201,,,,,
FV-33204,,,,,
FV-33206,,,,,
FV-33401,,,,,
FV-51003,,,,,
FV-51005,,,,,
FV-51006,,,,,
FV-52001,,,,,
FV-52005A,,,,,
FV-52005B,,,,,
FV-52007,,,,,
FV-52009,,,,,
FV-52010,,,,,
FV-52101,,,,,
FV-52302A,,,,,
FV-52302B,,,,,
FV-54002,,,,,
FV-54003,,,,,
FV-54004,,,,,
FV-54006,,,,,
FV-56001,,,,,
FV-56002,,,,,
FV-58001,,,,,
HV-33001,,,,,
HV-33002,,,,,
HV-33003,,,,,
HV-33004,,,,,
HV-33005,,,,,
HV-33006,,,,,
HV-33121,,,,,
HV-33122,,,,,
HV-33201,,,,,
HV-33401,,,,,
HV-33402,,,,,
HV-33403,,,,,
HV-33404,,,,,
HV-33701,,,,,
HV-33702,,,,,
HV-33801,,,,,
HV-33802,,,,,
HV-52001,,,,,
HV-52006,,,,,
HV-52101,,,,,
HV-53002,,,,,
HV-54002,,,,,
HV-54006,,,,,
HV-54007,,,,,
HV-54008,,,,,
HV-54014,,,,,
HV-54025,,,,,
HV-56001,,,,,
HV-56002,,,,,
HV-56003,,,,,
HV-56101,,,,,
HV-57001,,,,,
HV-57002,,,,,
HV-57003,,,,,
HV-57004,,,,,
HV-57005,,,,,
HV-57006,,,,,
HV-57007,,,,,
HV-57008,,,,,
HV-57011,,,,,
HV-58001,,,,,
LV-33005,,,,,
LV-33101A,,,,,
LV-33101B,,,,,
LV-33121,,,,,
LV-33122,,,,,
LV-33201,,,,,
LV-33204,,,,,
LV-33205,,,,,
LV-33801A,,,,,
LV-33801B,,,,,
LV-33802,,,,,
LV-33803,,,,,
LV-33804,,,,,
LV-52101,,,,,
LV-52112,,,,,
LV-52201,,,,,
LV-52401A,,,,,
LV-52401B,,,,,
LV-52601A,,,,,
LV-52601B,,,,,
LV-53001,,,,,
LV-54003A,,,,,
LV-54003B,,,,,
LV-54010,,,,,
LV-54014A,,,,,
LV-54023,,,,,
LV-54025,,,,,
LV-55001,,,,,
LV-56002,,,,,
LV-56107,,,,,
LV-56108,,,,,
LV-56109,,,,,
LV-56110,,,,,
LV-56116,,,,,
LV-56118,,,,,
LV-56201A,,,,,
LV-56201B,,,,,
LV-57001,,,,,
LV-57003A,,,,,
LV-57003B,,,,,
LV-57007,,,,,
LV-57010,,,,,
LV-57012,,,,,
LV-58005,,,,,
LV-58008A,,,,,
LV-58008B,,,,,
LV-58011,,,,,
LV-58101A,,,,,
LV-58101B,,,,,
LV-81001,,,,,
LV-81003,,,,,
LV-82108,,,,,
LIC-33126,,,,,
LV-87102.4,,,,,
PV-52205,,,,,
PCV-51006,,,,,
PCV-51008,,,,,
PCV-52010,,,,,
PCV-52212,,,,,
PCV-52019,,,,,
PCV-52203,,,,,
PCV-52206,,,,,
PCV-52303,,,,,
PCV-52304,,,,,
PCV-52404,,,,,
PCV-52406,,,,,
PCV-52411,,,,,
PCV-52604,,,,,
PCV-52606,,,,,
PCV-52611,,,,,
PCV-52703,,,,,
PCV-52901,,,,,
PCV-56103,,,,,
PCV-56213,,,,,
PCV-57001,,,,,
PCV-57003,,,,,
PCV-58104,,,,,
PCV-58106,,,,,
PCV-58111,,,,,
PCV-82101,,,,,
PCV-82102,,,,,
PCV-82103,,,,,
PCV-82304,,,,,
PCV-85102,,,,,
PCV-85107,,,,,
PCV-97003,,,,,
PDCV-56105,,,,,
PDCV-56106,,,,,
PDCV-58004,,,,,
PV-33005,,,,,
PV-33201,,,,,
PV-33202,,,,,
PV-33203,,,,,
PV-33204,,,,,
PV-33402,,,,,
PV-33403,,,,,
PV-33701,,,,,
PV-33801,,,,,
PV-33802,,,,,
PV-33803A,,,,,
PV-33803B,,,,,
PV-33804,,,,,
PV-33805,,,,,
PV-33806A,,,,,
PV-33806B,,,,,
PV-33807,,,,,
PV-33808,,,,,
PV-33809,,,,,
PV-51002,,,,,
PV-52001,,,,,
PV-52015,,,,,
PV-52016,,,,,
PV-52212,,,,,
PV-52311,,,,,
PV-52801,,,,,
PV-52802,,,,,
PV-52804,,,,,
PV-52803,,,,,
PV-52805,,,,,
PV-52806,,,,,
PV-52807,,,,,
PV-52808,,,,,
PV-53003,,,,,
PV-54001,,,,,
PV-54008,,,,,
PV-54009,,,,,
PV-55002,,,,,
PV-57008A,,,,,
PV-57008B,,,,,
PV-58016,,,,,
PV-81009,,,,,
PV-84007,,,,,
PV-84008,,,,,
PV-87101.2,,,,,
TV-33128,,,,,
TV-33216,,,,,
TV-33402,,,,,
TV-33403,,,,,
TV-33701,,,,,
TV-33703,,,,,
TV-33808,,,,,
TV-51007,,,,,
TV-52048,,,,,
TV-52051,,,,,
TV-52054,,,,,
TV-52057,,,,,
TV-52105,,,,,
TV-52106,,,,,
TV-52802,,,,,
TV-52805,,,,,
TV-52807,,,,,
TV-53011,,,,,
TV-53024,,,,,
TV-55003A,,,,,
TV-55003B,,,,,
TV-57009,,,,,
TV-60001,,,,,
TV-81003,,,,,
TV-82302,,,,,
TV-82303,,,,,
TV-82304,,,,,
XV-33801,,,,,
XV-33808,,,,,
XV-51001,,,,,
XV-51002,,,,,
XV-51003,,,,,
XV-51004,,,,,
XV-51005,,,,,
XV-51006,,,,,
XV-51007,,,,,
XV-51010,,,,,
XV-52006,,,,,
XV-52007,,,,,
XV-52008,,,,,
XV-52009,,,,,
XV-52010,,,,,
XV-52011A,,,,,
XV-52011B,,,,,
XV-52011C,,,,,
XV-52012A,,,,,
XV-52012B,,,,,
XV-52012C,,,,,
XV-52013A,,,,,
XV-52013B,,,,,
XV-52013C,,,,,
XV-52014A,,,,,
XV-52014B,,,,,
XV-52014C,,,,,
XV-52015A,,,,,
XV-52015B,,,,,
XV-52015C,,,,,
XV-52016A,,,,,
XV-52016B,,,,,
XV-52016C,,,,,
XV-52021A,,,,,
XV-52021B,,,,,
XV-52021C,,,,,
XV-52022A,,,,,
XV-52022B,,,,,
XV-52022C,,,,,
XV-52023A,,,,,
XV-52023B,,,,,
XV-52023C,,,,,
XV-52024A,,,,,
XV-52024B,,,,,
XV-52024C,,,,,
XV-52025A,,,,,
XV-52025B,,,,,
XV-52025C,,,,,
XV-52026A,,,,,
XV-52026B,,,,,
XV-52026C,,,,,
XV-52031,,,,,
XV-52032,,,,,
XV-52033,,,,,
XV-52034,,,,,
XV-52035,,,,,
XV-52036,,,,,
XV-52802,,,,,
XV-52805,,,,,
XV-52807,,,,,
XV-54005,,,,,
XV-56001,,,,,
XV-56002,,,,,
XV-56003,,,,,
XV-56004,,,,,
XV-56110,,,,,
XV-56111,,,,,
XV-57001,,,,,
XV-57002,,,,,
XV-57003,,,,,
XV-57004,,,,,
XV-57005,,,,,
XV-57008,,,,,
XV-81001,,,,,
XV-81002,,,,,
XV-82201,,,,,
XV-84001A,,,,,
XV-84001B,,,,,
XV-84002,,,,,
XV-84011,,,,,
XV-84021,,,,,
XV-85001,,,,,
XV-33140B,,,,,
XV-33112,,,,,
